magnesium production, electrolysis;RoW;kilogram;magnesium
market for brass;CH;kilogram;brass
Fiber drying 2;RER;kilogram;Dried fiber 2
hot water tank, carbon dioxide capture process;RER;unit;hot water tank, carbon dioxide capture process
cable production, unspecified;GLO;kilogram;cable, unspecified
heat and power co-generation, wood chips, 6667 kW, state-of-the-art 2014;DE;kilowatt hour;electricity, high voltage
noise, octave 1, day time, rural;('octave 1', 'day time', 'rural');joule
heat production, natural gas, at industrial furnace low-NOx >100kW;RoW;megajoule;heat, district or industrial, natural gas
treatment of inert waste, inert material landfill;CH;kilogram;inert waste, for final disposal
epoxy resin production, liquid;RoW;kilogram;epoxy resin, liquid
Heptane;('air', 'low population density, long-term');kilogram
market for aluminium alloy, AlMg3;GLO;kilogram;aluminium alloy, AlMg3
market for potassium permanganate;GLO;kilogram;potassium permanganate
Formaldehyde;('air', 'non-urban air or from high stacks');kilogram
Particulates, < 2.5 um;('air', 'urban air close to ground');kilogram
IBIS fasteners;GLO;kilogram;IBIS fasteners
Tie-rods;GLO;kilogram;Tie-rods
yarding, mobile cable yarder on trailer;RER;hour;cable yarding
EV charger, level 3, with pantograph, 450 kW;RER;unit;EV charger, level 3, with pantograph, 450 kW
market for natural gas, medium pressure, vehicle grade;GLO;kilogram;natural gas, medium pressure, vehicle grade
Battery cell, NCA;GLO;kilogram;Battery cell
algae harvesting| dry algae production;RER;kilogram;algae harvesting| dry algae production
Battery management system;GLO;kilogram;Battery management system
market for lithium hydroxide;GLO;kilogram;lithium hydroxide
electricity production, deep geothermal;DE;kilowatt hour;electricity, high voltage
Calcium, ion;('water', 'ground-, long-term');kilogram
Ethanol, from maize starch, at fuelling station;RER;kilogram;ethanol, without water, in 99.7% solution state, vehicle grade
Copper;('air', 'urban air close to ground');kilogram
Ethene;('air', 'non-urban air or from high stacks');kilogram
tree seedling production, in heated greenhouse;RER;unit;tree seedling, for planting
Ammonia;('air', 'non-urban air or from high stacks');kilogram
sheet rolling, steel;RoW;kilogram;sheet rolling, steel
market for heat, from steam, in chemical industry;RoW;megajoule;heat, from steam, in chemical industry
Tab Aluminum;GLO;kilogram;Tab Aluminum
Cathode current collector, NCA;JP;kilogram;Cathode current collector, NCA
Sulfur dioxide;('air', 'urban air close to ground');kilogram
Hydrogen, gaseous, 700 bar, from ATR of biogas, at fuelling station;RER;kilogram;Hydrogen, gaseous, 700 bar
Anode current collector, LFP;JP;kilogram;Anode current collector, LFP
Hydrogen, gaseous, 700 bar, from coal gasification, at fuelling station;RER;kilogram;Hydrogen, gaseous, 700 bar
Walls and foundations, for hydrogen refuelling station;RER;unit;Walls and foundations, for hydrogen refuelling station
PEM electrolyzer, Balance of Plant;GLO;unit;PEM electrolyzer, Balance of Plant
hardwood forestry, oak, sustainable forest management_CF = -1;DE;kilogram;wood chips, wet, measured as dry mass_CF = -1
Particulates, < 2.5 um;('air', 'low population density, long-term');kilogram
market for nylon 6;RoW;kilogram;nylon 6
Wheat grain cultivation, drying and storage {RER} | wheat grain production Europe | Alloc Rec, U;RER;megajoule;Wheat grain cultivation, drying and storage {RER} | wheat grain production Europe | Alloc Rec, U
Water, river;('natural resource', 'in water');cubic meter
distribution network construction, electricity, low voltage;CH;kilometer;distribution network, electricity, low voltage
metal working, average for chromium steel product manufacturing;RoW;kilogram;metal working, average for chromium steel product manufacturing
Heptane;('air', 'urban air close to ground');kilogram
market for potassium sulfate;RER;kilogram;potassium sulfate
Acetone;('air', 'low population density, long-term');kilogram
market for silica sand;GLO;kilogram;silica sand
Sulfur;('water', 'surface water');kilogram
maintenance, lorry 28 metric ton;CH;unit;maintenance, lorry 28 metric ton
Mercury;('air', 'urban air close to ground');kilogram
market for used vegetable cooking oil;GLO;kilogram;used vegetable cooking oil
transmission network construction, electricity, high voltage;CH;kilometer;transmission network, electricity, high voltage
Hydrogen, gaseous, 25 bar, from heatpipe reformer gasification of woody biomass with CCS, at gasification plant;RER;kilogram;Hydrogen, gaseous, 25 bar
Energy, kinetic (in wind), converted;('natural resource', 'in air');megajoule
ATR NG, 25 bar;RER;megajoule;Hydrogen, gaseous, 25 bar
noise, octave 4, day time, suburban;('octave 4', 'day time', 'suburban');joule
market for water, decarbonised;CH;kilogram;water, decarbonised
gravel and sand quarry operation;CH;kilogram;sand
Iron, ion;('water',);kilogram
market for magnesium sulfate;GLO;kilogram;magnesium sulfate
Ethane, 1,1,1,2-tetrafluoro-, HFC-134a;('air',);kilogram
electricity production, at power plant/natural gas, post, pipeline 200km, storage 1000m;RER;kilowatt hour;electricity, high voltage
market for copper, cathode;GLO;kilogram;copper, cathode
Oil Palm Tree Cultivation {RER} | Fresh Fruit Bunches (FFBs) production | Alloc Rec, U;RER;megajoule;Oil Palm Tree Cultivation {RER} | Fresh Fruit Bunches (FFBs) production | Alloc Rec, U
Spinning dope;RER;kilogram;Spinning dope
PEM Fuel Cell;GLO;kilowatt;PEM Fuel Cell
market for silicone product;RER;kilogram;silicone product
Carbon-14;('air', 'non-urban air or from high stacks');kilo Becquerel
Positive electrode paste, NMC-622;GLO;kilogram;Positive electrode paste
Heat, waste;('air', 'urban air close to ground');megajoule
market for butadiene;RER;kilogram;butadiene
market for electric connector, wire clamp;GLO;kilogram;electric connector, wire clamp
Dinitrogen monoxide;('air', 'low population density, long-term');kilogram
Mercury;('air', 'low population density, long-term');kilogram
market for concrete, for de-icing salt contact;CH;cubic meter;concrete, for de-icing salt contact
Methane, synthetic, gaseous, 5 bar, from electrochemical methanation, at fuelling station;RER;kilogram;methane, high pressure
DOC, Dissolved Organic Carbon;('water', 'surface water');kilogram
market for gravel, crushed;RoW;kilogram;gravel, crushed
Diesel production, synthetic, Fischer Tropsch process, economic allocation;RER;kilogram;Diesel, synthetic
Electrical equipment;RER;unit;Electrical equipment
market for copper oxide;GLO;kilogram;copper oxide
Argon-40;('air',);kilogram
Xylene;('air', 'low population density, long-term');kilogram
Ancillary BoP;GLO;kilogram;Ancillary BoP
Chromium, ion;('water', 'surface water');kilogram
Inner frame;GLO;kilogram;Inner frame
casting, brass;CH;kilogram;casting, brass
metal working, average for aluminium product manufacturing;RER;kilogram;metal working, average for aluminium product manufacturing
Acetone;('air', 'urban air close to ground');kilogram
Butane;('air', 'urban air close to ground');kilogram
CO2 storage/at H2 production plant, pre, pipeline 200km, storage 1000m;RER;kilogram;CO2 storage/at H2 production plant, pre, pipeline 200km, storage 1000m
market for water, decarbonised;DE;kilogram;water, decarbonised
Phosphate;('water', 'ground-, long-term');kilogram
Coating and curing, general manufacturing;GLO;square meter;Coating and curing, general manufacturing
Propane;('air',);kilogram
Positive current collector Al;GLO;kilogram;Positive current collector Al
market for nickel, class 1;GLO;kilogram;nickel, class 1
Battery tray;GLO;kilogram;Battery tray
Styrene;('air', 'low population density, long-term');kilogram
End plate;GLO;kilowatt;End plate
Hydrogen, gaseous, 700 bar, from gasification of woody biomass in entrained flow gasifier, with CCS, at fuelling station;CH;kilogram;Hydrogen, gaseous, 700 bar
polyethylene production, low density, granulate;RoW;kilogram;polyethylene, low density, granulate
market for polyphenylene sulfide;GLO;kilogram;polyphenylene sulfide
treatment of waste mineral oil, hazardous waste incineration;RoW;kilogram;waste mineral oil
market for nylon 6-6, glass-filled;RER;kilogram;nylon 6-6, glass-filled
drawing of pipe, steel;RER;kilogram;drawing of pipe, steel
Carbon monoxide, non-fossil;('air', 'urban air close to ground');kilogram
market for platinum;GLO;kilogram;platinum
m-Xylene;('air', 'urban air close to ground');kilogram
Acetaldehyde;('air', 'urban air close to ground');kilogram
Hydrogen chloride;('air',);kilogram
Ethanol from wheat grains;RER;kilogram;Ethanol from wheat grains
Dinitrogen monoxide;('air', 'urban air close to ground');kilogram
Battery cell, NMC-111;GLO;kilogram;Battery cell
market for aluminium, wrought alloy;GLO;kilogram;aluminium, wrought alloy
treatment of used lorry, 16 metric ton;CH;unit;used lorry, 16 metric ton
Butane;('air', 'low population density, long-term');kilogram
pipeline construction, natural gas, high pressure distribution network;RoW;kilometer;pipeline, natural gas, high pressure distribution network
electricity production, at BIGCC power plant 450MW, pre, pipeline 200km, storage 1000m;RER;kilowatt hour;electricity, high voltage
market for sulfuric acid;RER;kilogram;sulfuric acid
Cathode current collector, LFP;JP;kilogram;Cathode current collector, LFP
Benzene;('air',);kilogram
diaphragm compressor module, high pressure;GLO;unit;diaphragm compressor module, high pressure
noise, octave 7, day time, suburban;('octave 7', 'day time', 'suburban');joule
market group for natural gas, high pressure;Europe without Switzerland;cubic meter;natural gas, high pressure
market for petrol, low-sulfur;Europe without Switzerland;kilogram;petrol, low-sulfur
gearbox, for lorry;RER;kilogram;gearbox, for lorry
Polyacrylonitrile production (PAN) by polymerisation;RER;kilogram;Polyacrylonitrile
Selenium;('air', 'low population density, long-term');kilogram
market for polyvinylchloride, suspension polymerised;GLO;kilogram;polyvinylchloride, suspension polymerised
treatment of wastewater from lorry production, capacity 4.7E10l/year;CH;cubic meter;wastewater from lorry production
market for soft solder, Sn97Cu3;RER;kilogram;soft solder, Sn97Cu3
Xylene;('air', 'urban air close to ground');kilogram
market for inverter, for electric passenger car;GLO;kilogram;inverter, for electric passenger car
Gas, mine, off-gas, process, coal mining;('natural resource', 'in ground');cubic meter
algae cultivation | algae broth production;RER;kilogram;algae cultivation | algae broth production
heat production, natural gas, at industrial furnace >100kW;RoW;megajoule;heat, district or industrial, natural gas
market for anode, graphite, for lithium-ion battery;GLO;kilogram;anode, graphite, for lithium-ion battery
Fiber sizing;RER;kilogram;Sized fiber
market for lead;GLO;kilogram;lead
m-Xylene;('air', 'low population density, long-term');kilogram
water production, deionised;Europe without Switzerland;kilogram;water, deionised
Acetaldehyde;('air', 'low population density, long-term');kilogram
Fiber unwinding;RER;kilogram;Fiber unwinding
Occupation, annual crop, non-irrigated, intensive;('natural resource', 'land');square meter-year
Styrene;('air', 'urban air close to ground');kilogram
Strap retention;GLO;kilogram;Strap retention
lime production, milled, packed;CH;kilogram;lime, packed
market for internal combustion engine, passenger car;GLO;kilogram;internal combustion engine, for passenger car
Radon-222;('air', 'low population density, long-term');kilo Becquerel
market for acrylic acid;RoW;kilogram;acrylic acid
AOX, Adsorbable Organic Halogen as Cl;('water', 'surface water');kilogram
Positive active material, NMC-111;GLO;kilogram;Positive active material
Crude vegetable oil | oil mill: extraction of vegetable oil from rapeseed | Alloc Rec, U;RER;megajoule;Crude vegetable oil | oil mill: extraction of vegetable oil from rapeseed | Alloc Rec, U
market for metal working, average for chromium steel product manufacturing;GLO;kilogram;metal working, average for chromium steel product manufacturing
maintenance, lorry 40 metric ton;CH;unit;maintenance, lorry 40 metric ton
Lead;('water',);kilogram
market for waste rubber, unspecified;RoW;kilogram;waste rubber, unspecified
transport, pipeline, supercritical CO2, 200km w recompression;RER;ton kilometer;transport, pipeline, supercritical CO2, 200km w recompression
noise, octave 4, day time, urban;('octave 4', 'day time', 'urban');joule
market for graphite;GLO;kilogram;graphite
tree seedling production, in unheated greenhouse;RER;unit;tree seedling, for planting
Phosphorus;('water', 'surface water');kilogram
Transformation, to heterogeneous, agricultural;('natural resource', 'land');square meter
market for diethanolamine;GLO;kilogram;diethanolamine
market for liquefied petroleum gas;Europe without Switzerland;kilogram;liquefied petroleum gas
Toluene;('air', 'low population density, long-term');kilogram
high pressure hydrogen storage tank;GLO;kilogram;high pressure hydrogen storage tank
market for metal working, average for steel product manufacturing;GLO;kilogram;metal working, average for steel product manufacturing
biogas upgrading - sewage sludge - amine scrubbing - best;RER;kilogram;biogas upgrading - sewage sludge - amine scrubbing - best
treatment of wood ash mixture, pure, municipal incineration;CH;kilogram;wood ash mixture, pure
market for aluminium casting facility;GLO;unit;aluminium casting facility
Methane, non-fossil;('air', 'urban air close to ground');kilogram
Bipolar plate;GLO;kilowatt;Bipolar plate
market for sodium persulfate;GLO;kilogram;sodium persulfate
Barium;('water', 'surface water');kilogram
Wood, hard, standing;('natural resource', 'biotic');cubic meter
transport, pipeline, supercritical CO2, 200km w/o recompression;RER;ton kilometer;transport, pipeline, supercritical CO2, 200km w/o recompression
Gas Diffusion Layer;GLO;kilowatt;Gas Diffusion Layer
Carbon monoxide, fossil;('air', 'low population density, long-term');kilogram
Iron, in ground;('natural resource', 'in ground');kilogram
market for steel, low-alloyed;World;kilogram;steel, low-alloyed
Acetic acid;('air',);kilogram
Selenium;('air', 'urban air close to ground');kilogram
gravel production, crushed;RoW;kilogram;gravel, crushed
market for nitrogen, liquid;RoW;kilogram;nitrogen, liquid
ethylene glycol production;RoW;kilogram;ethylene glycol
graphite production;RoW;kilogram;graphite
Sodium chloride, in ground;('natural resource', 'in ground');kilogram
Nickel;('air', 'low population density, long-term');kilogram
market for methyl acrylate;GLO;kilogram;methyl acrylate
aluminium hydroxide production;CN;kilogram;aluminium hydroxide
market group for diesel;RER;kilogram;diesel
Ethane, 1,2-dichloro-1,1,2,2-tetrafluoro-, CFC-114;('air', 'non-urban air or from high stacks');kilogram
Hexane;('air', 'non-urban air or from high stacks');kilogram
market for heat, central or small-scale, other than natural gas;CH;megajoule;heat, central or small-scale, other than natural gas
kraft paper production;RER;kilogram;kraft paper
diesel, burned in diesel-electric generating set, 18.5kW;GLO;megajoule;diesel, burned in diesel-electric generating set, 18.5kW
treatment of used lorry, 28 metric ton;CH;unit;used lorry, 28 metric ton
Zinc;('air', 'low population density, long-term');kilogram
Toluene;('air', 'urban air close to ground');kilogram
fuel tank, for diesel vehicle;RER;kilogram;fuel tank
market for transport, freight train;Europe without Switzerland;ton kilometer;transport, freight train
1-Pentene;('air', 'non-urban air or from high stacks');kilogram
market for polyethylene, low density, granulate;GLO;kilogram;polyethylene, low density, granulate
Tray seal;GLO;kilogram;Tray seal
Anode current collector, NCA;JP;kilogram;Anode current collector, NCA
Hydrogen, gaseous, 700 bar, from heatpipe reformer gasification of woody biomass, at fuelling station;CH;kilogram;Hydrogen, gaseous, 700 bar
sulfuric acid production;RoW;kilogram;sulfuric acid
market for butyl acrylate;RoW;kilogram;butyl acrylate
diesel production, synthetic, from electrolysis-based hydrogen, energy allocation, at fuelling station;RER;kilogram;diesel, synthetic, vehicle grade
Chromium VI;('air', 'low population density, long-term');kilogram
Cathode paste, NCA;JP;kilogram;Cathode paste, NCA
Carbon monoxide, fossil;('air', 'urban air close to ground');kilogram
noise, octave 5, day time, urban;('octave 5', 'day time', 'urban');joule
market for carboxymethyl cellulose, powder;GLO;kilogram;carboxymethyl cellulose, powder
noise, octave 7, day time, urban;('octave 7', 'day time', 'urban');joule
Positive electrode paste, NMC-111;GLO;kilogram;Positive electrode paste
market for cable, ribbon cable, 20-pin, with plugs;GLO;kilogram;cable, ribbon cable, 20-pin, with plugs
market for soap;GLO;kilogram;soap
Nickel;('air', 'urban air close to ground');kilogram
market for electronics, for control units;GLO;kilogram;electronics, for control units
Methane production, synthetic, from electrochemical methanation;RER;kilogram;Methane, synthetic
market for used Li-ion battery;GLO;kilogram;used Li-ion battery
Ozone;('air',);kilogram
market for carbon black;GLO;kilogram;carbon black
Ni1/3Co1/3Mn1/3(OH)2;GLO;kilogram;Ni1/3Co1/3Mn1/3(OH)2
Plant oil from crude oil | refining of vegetable oil from oil palm|;RER;megajoule;Plant oil from crude oil | refining of vegetable oil from oil palm|
market for rainwater mineral oil storage;Europe without Switzerland;cubic meter;rainwater mineral oil storage
ATR BM + CCS (MDEA), 98 (average), with digestate incineration, 25 bar;CH;megajoule;Hydrogen, gaseous, 25 bar
Transformation, from forest, unspecified;('natural resource', 'land');square meter
market for water, deionised;CH;kilogram;water, deionised
transmission, for lorry;RER;kilogram;transmission, for lorry
market for soil pH raising agent, as CaCO3;GLO;kilogram;soil pH raising agent, as CaCO3
NMVOC, non-methane volatile organic compounds, unspecified origin;('air', 'low population density, long-term');kilogram
Transformation, from forest, intensive;('natural resource', 'land');square meter
Lower retention;GLO;kilogram;Lower retention
market for natural gas service station;GLO;unit;natural gas service station
Zinc;('air', 'urban air close to ground');kilogram
market group for inorganic potassium fertiliser, as K2O;RER;kilogram;inorganic potassium fertiliser, as K2O
nitric acid production, product in 50% solution state;RER w/o RU;kilogram;nitric acid, without water, in 50% solution state
market for transport, freight, sea, tanker for liquid goods other than petroleum and liquefied natural gas;GLO;ton kilometer;transport, freight, sea, tanker for liquid goods other than petroleum and liquefied natural gas
Tray with fasteners;GLO;kilogram;Tray with fasteners
Occupation, forest, intensive;('natural resource', 'land');square meter-year
lubricating oil production;RoW;kilogram;lubricating oil
frequency converter, for diaphragm compressor;GLO;unit;frequency converter, for diaphragm compressor
market for polyethylene, high density, granulate, recycled;Europe without Switzerland;kilogram;polyethylene, high density, granulate, recycled
heat production, natural gas, at industrial furnace low-NOx >100kW;Europe without Switzerland;megajoule;heat, district or industrial, natural gas
Hydrogen, gaseous, 700 bar, from heatpipe reformer gasification of woody biomass with CCS, at fuelling station;RER;kilogram;Hydrogen, gaseous, 700 bar
Chromium VI;('air', 'urban air close to ground');kilogram
Aluminium;('water', 'surface water');kilogram
market for ammonium sulfate;RER;kilogram;ammonium sulfate
Electrolyte, NCA;JP;kilogram;Electrolyte, NCA
Manifolds;GLO;kilogram;Manifolds
market for methanol;GLO;kilogram;methanol
market for heat, central or small-scale, biomethane;RoW;megajoule;heat, central or small-scale, biomethane
Stack;GLO;kilowatt;Stack
market group for electricity, low voltage;Europe without Switzerland;kilowatt hour;electricity, low voltage
Water;('water',);cubic meter
market for municipal solid waste;CH;kilogram;municipal solid waste
phenolic resin production;RoW;kilogram;phenolic resin
operation, computer, desktop, with liquid crystal display, active mode;CH;hour;operation, computer, desktop, with liquid crystal display, active mode
Fiber drying;RER;kilogram;Dried fiber
sheet rolling, chromium steel;RoW;kilogram;sheet rolling, chromium steel
Methane, fossil;('air', 'urban air close to ground');kilogram
tetrafluoroethylene production;RoW;kilogram;tetrafluoroethylene
SMR BM, HT+LT, + CCS (MDEA), 98 (average), digestate incineration, 26 bar;CH;megajoule;Hydrogen, gaseous, 26 bar
market for styrene butadiene rubber (SBR);RER;kilogram;styrene butadiene rubber (SBR)
market for styrene;GLO;kilogram;styrene
Biodiesel from cooking oil;RER;kilogram;Biodiesel from cooking oil
IBIS;GLO;kilogram;IBIS
SMR NG, 25 bar;CH;megajoule;SMR NG, 25 bar
Chloride;('water', 'ground-, long-term');kilogram
Gravel, in ground;('natural resource', 'in ground');kilogram
NMVOC, non-methane volatile organic compounds, unspecified origin;('air', 'urban air close to ground');kilogram
Xenon-135;('air', 'non-urban air or from high stacks');kilo Becquerel
market for dolomite;RER;kilogram;dolomite
Arsenic;('air', 'low population density, long-term');kilogram
market for wheat seed, for sowing;GLO;kilogram;wheat seed, for sowing
suspension, for lorry;RER;kilogram;suspension, for lorry
market for metal working factory;GLO;unit;metal working factory
Acetaldehyde;('air',);kilogram
Gas, natural, in ground;('natural resource', 'in ground');cubic meter
noise, octave 8, day time, rural;('octave 8', 'day time', 'rural');joule
market for dimethyl sulfoxide;GLO;kilogram;dimethyl sulfoxide
market for water, deionised;Europe without Switzerland;kilogram;water, deionised
Dinitrogen monoxide;('air',);kilogram
market for water, decarbonised;RoW;kilogram;water, decarbonised
market for ammonium bicarbonate;RER;kilogram;ammonium bicarbonate
Ethanol from maize starch;RER;kilogram;Ethanol from maize starch
Hydrogen, gaseous, 700 bar, from heatpipe reformer gasification of woody biomass, at fuelling station;RER;kilogram;Hydrogen, gaseous, 700 bar
market group for light fuel oil;RER;kilogram;light fuel oil
Methane, fossil;('air', 'low population density, long-term');kilogram
market for corrugated board box;RoW;kilogram;corrugated board box
Fiber stabilization;RER;kilogram;Stabilized fiber
Outer frame;GLO;kilogram;Outer frame
market for activated carbon, granular;GLO;kilogram;activated carbon, granular
market group for inorganic nitrogen fertiliser, as N;RER;kilogram;inorganic nitrogen fertiliser, as N
wiring and tubing, carbon dioxide capture process;RER;unit;wiring and tubing, carbon dioxide capture process
ATR BM, with digestate incineration, 25 bar;CH;megajoule;Hydrogen, gaseous, 25 bar
Energy, potential (in hydropower reservoir), converted;('natural resource', 'in water');megajoule
Hydrogen, gaseous, 700 bar, from SMR of NG, with CCS, at fuelling station;RER;kilogram;Hydrogen, gaseous, 700 bar
market for acetylene;RER;kilogram;acetylene
Monoethanolamine;('air',);kilogram
lithium hydroxide production;GLO;kilogram;lithium hydroxide
activated silica production;GLO;kilogram;activated silica
Hydrogen chloride;('air', 'non-urban air or from high stacks');kilogram
carbon black production;GLO;kilogram;carbon black
Acrolein;('air', 'low population density, long-term');kilogram
treatment of hard coal ash, residual material landfill;DE;kilogram;hard coal ash
market for potassium hydroxide;GLO;kilogram;potassium hydroxide
market for plastic processing factory;GLO;unit;plastic processing factory
Propene;('air', 'non-urban air or from high stacks');kilogram
Occupation, annual crop;('natural resource', 'land');square meter-year
Fiber stretching and washing;RER;kilogram;Stretched and washed fiber
Arsenic;('air', 'urban air close to ground');kilogram
infrastructure construction, for regional distribution of oil product;RER;unit;infrastructure, for regional distribution of oil product
market for isopropanol;RER;kilogram;isopropanol
market group for electricity, low voltage;World;kilowatt hour;electricity, low voltage
market group for electricity, low voltage;EUR;kilowatt hour;electricity, low voltage
air separation, cryogenic;RoW;kilogram;oxygen, liquid
Cathode paste, LFP;JP;kilogram;Cathode paste, LFP
market for water, completely softened;RER;kilogram;water, completely softened
market for heat, from steam, in chemical industry;RER;megajoule;heat, from steam, in chemical industry
metal working, average for copper product manufacturing;RER;kilogram;metal working, average for copper product manufacturing
Butane;('air',);kilogram
Hydrogen, gaseous, 700 bar, from electrolysis, at fuelling station;RER;kilogram;Hydrogen, gaseous, 700 bar
market for wood chips, wet, measured as dry mass, CF = -1;SE;kilogram;wood chips, wet, measured as dry mass, CF = -1
Biodiesel, from palm oil, at fuelling station;RER;kilogram;biodiesel, vehicle grade
treatment of wastewater, from residence, capacity 1.1E10l/year;RoW;cubic meter;wastewater, from residence
electricity production, natural gas, conventional power plant;DE;kilowatt hour;electricity, high voltage
Fuel tank, compressed hydrogen gas, 700bar;GLO;kilogram;Fuel tank, compressed hydrogen gas, 700bar
Benzene;('air', 'non-urban air or from high stacks');kilogram
noise, octave 1, day time, urban;('octave 1', 'day time', 'urban');joule
Storage battery;RER;unit;Storage battery
Mercury;('air',);kilogram
Calcium;('soil', 'agricultural');kilogram
market for natural gas, high pressure;CH;cubic meter;natural gas, high pressure
market for integrated circuit, logic type;GLO;kilogram;integrated circuit, logic type
market for chemicals, inorganic;GLO;kilogram;chemical, inorganic
softwood forestry, spruce, sustainable forest management_CF = -1;SE;kilogram;wood chips, wet, measured as dry mass_CF = -1
market for heat, district or industrial, natural gas;Europe without Switzerland;megajoule;heat, district or industrial, natural gas
Selective coating, sputtering;GLO;square meter;Selective coating, sputtering
Carbon dioxide, fossil;('air', 'urban air close to ground');kilogram
metal working, average for chromium steel product manufacturing;RER;kilogram;metal working, average for chromium steel product manufacturing
treatment of spent anion exchange resin from potable water production, municipal incineration;RoW;kilogram;spent anion exchange resin from potable water production
Acrolein;('air', 'urban air close to ground');kilogram
market for concrete block;DE;kilogram;concrete block
Carbon dioxide, from soil or biomass stock;('air', 'non-urban air or from high stacks');kilogram
Energy, geothermal, converted;('natural resource', 'in ground');megajoule
Benzaldehyde;('air', 'low population density, long-term');kilogram
heat, from municipal waste incineration to generic market for heat district or industrial, other than natural gas;CH;megajoule;heat, district or industrial, other than natural gas
market for glider, passenger car;GLO;kilogram;glider, passenger car
transformer and rectifier unit, for electrolyzer;GLO;unit;transformer and rectifier unit, for electrolyzer
Hydrogen, gaseous, 700 bar, from SMR of biogas, at fuelling station;RER;kilogram;Hydrogen, gaseous, 700 bar
Battery packaging;GLO;kilogram;Battery packaging
market for water, ultrapure;RER;kilogram;water, ultrapure
Cyclohexane;('air', 'non-urban air or from high stacks');kilogram
market for sheet rolling, copper;GLO;kilogram;sheet rolling, copper
market for cobalt;GLO;kilogram;cobalt
Transformation, from forest, extensive;('natural resource', 'land');square meter
Granite, in ground;('natural resource', 'in ground');kilogram
Shale, in ground;('natural resource', 'in ground');kilogram
wood chipping, mobile chipper, at forest road;RER;hour;wood chipping, chipper, mobile, diesel, at forest road
market for metal working, average for copper product manufacturing;GLO;kilogram;metal working, average for copper product manufacturing
steel production, electric, low-alloyed;EUR;kilogram;steel, low-alloyed
noise, octave 8, day time, urban;('octave 8', 'day time', 'urban');joule
Methyl ethyl ketone;('air', 'non-urban air or from high stacks');kilogram
Propane;('air', 'non-urban air or from high stacks');kilogram
market for calcium chloride;RER;kilogram;calcium chloride
market for sugar beet seed, for sowing;GLO;kilogram;sugar beet seed, for sowing
Hydrogen sulfide;('air',);kilogram
Cathode, NMC-622;GLO;kilogram;Cathode, NMC-622
Electrolyte, LFP;JP;kilogram;Electrolyte, LFP
Thermal pad;GLO;kilogram;Thermal pad
softwood forestry, mixed species, sustainable forest management, CF = -1;CH;kilogram;softwood forestry, mixed species, sustainable forest management, CF = -1
market for electronic component factory;GLO;unit;electronic component factory
Hydrocarbons, chlorinated;('air', 'non-urban air or from high stacks');kilogram
Hydrogen refuelling station;GLO;unit;Hydrogen refuelling station
treatment of municipal solid waste, incineration;DE;kilowatt hour;electricity, for reuse in municipal waste incineration only
market group for diesel, low-sulfur;RER;kilogram;diesel, low-sulfur
transport, freight, inland waterways, barge;RER;ton kilometer;transport, freight, inland waterways, barge
heat and power co-generation, natural gas, 1MW electrical, lean burn;Europe without Switzerland;megajoule;heat, district or industrial, natural gas
noise, octave 6, day time, rural;('octave 6', 'day time', 'rural');joule
market for chemical factory;GLO;kilogram;chemical factory
Hydrogen, gaseous, 30 bar, from hard coal gasification and reforming, at coal gasification plant;RER;kilogram;Hydrogen, gaseous, 30 bar
market for zinc oxide;GLO;kilogram;zinc oxide
Calcite, in ground;('natural resource', 'in ground');kilogram
Oxygen;('natural resource', 'in air');kilogram
TOC, Total Organic Carbon;('water', 'surface water');kilogram
Battery BoP;GLO;kilogram;Battery BoP
Exhaust gas treatment 1;RER;kilogram;Exhaust gas treatment 1
forwarding, forwarder;RER;hour;forwarding, forwarder
polyethylene production, high density, granulate;RER;kilogram;polyethylene, high density, granulate
PAH, polycyclic aromatic hydrocarbons;('air', 'urban air close to ground');kilogram
Carbon dioxide, to soil or biomass stock;('soil',);kilogram
Straw bales | baling of straw;RER;megajoule;Straw bales | baling of straw
Benzaldehyde;('air', 'urban air close to ground');kilogram
Dimethyl sulfoxide production (DMSO);RER;kilogram;Dimethyl sulfoxide
transmission network construction, electricity, medium voltage;CH;kilometer;transmission network, electricity, medium voltage
HDPE tank liner;RER;kilogram;HDPE tank liner
market for manganese sulfate;GLO;kilogram;manganese sulfate
noise, octave 5, day time, rural;('octave 5', 'day time', 'rural');joule
drilling, deep borehole/m;RER;meter;drilling, deep borehole/m
Transformation, to forest, extensive;('natural resource', 'land');square meter
SMR NG + CCS (MDEA), 98 (average), 25 bar;CH;megajoule;Hydrogen, gaseous, 25 bar
market for aluminium oxide, metallurgical;IAI Area, EU27 & EFTA;kilogram;aluminium oxide, metallurgical
market for metal working, average for aluminium product manufacturing;GLO;kilogram;metal working, average for aluminium product manufacturing
smelting of copper concentrate, sulfide ore;RoW;kilogram;copper, anode
Hydrogen, gaseous, 25 bar, from heatpipe reformer gasification of woody biomass, at gasification plant;CH;kilogram;Hydrogen, gaseous, 25 bar
Arsenic, ion;('water', 'surface water');kilogram
treatment of hazardous waste, hazardous waste incineration;RoW;kilogram;hazardous waste, for incineration
market for steel, chromium steel 18/8, hot rolled;GLO;kilogram;steel, chromium steel 18/8, hot rolled
Catenary masts;RER;unit;Catenary masts
Hydrogen, gaseous, 25 bar, from gasification of woody biomass in entrained flow gasifier, at gasification plant;CH;kilogram;Hydrogen, gaseous, 25 bar
Phosphate;('water',);kilogram
Methane, dichloro-, HCC-30;('water', 'surface water');kilogram
Cables;RER;unit;Cables
Pentane;('air', 'low population density, long-term');kilogram
pump production, 40W;CH;unit;pump, 40W
glass fibre reinforced plastic production, polyester resin, hand lay-up;RER;kilogram;glass fibre reinforced plastic, polyester resin, hand lay-up
Occupation, dump site;('natural resource', 'land');square meter-year
Toluene;('air',);kilogram
PAH, polycyclic aromatic hydrocarbons;('air', 'low population density, long-term');kilogram
Positive active material, NMC-622;GLO;kilogram;Positive active material
Separator, NCA;JP;kilogram;Separator, NCA
market for copper, anode;GLO;kilogram;copper, anode
Rapeseed cultivation {RER} | rapeseed production Europe | Alloc Rec, U;RER;megajoule;Rapeseed cultivation {RER} | rapeseed production Europe | Alloc Rec, U
market for gravel, crushed;CH;kilogram;gravel, crushed
market for sodium hydroxide, without water, in 50% solution state;GLO;kilogram;sodium hydroxide, without water, in 50% solution state
Fiber relaxation;RER;kilogram;Relaxed fiber
synthetic rubber production;RER;kilogram;synthetic rubber
Carbon monoxide, fossil;('air',);kilogram
Transformation, to traffic area, rail/road embankment;('natural resource', 'land');square meter
Ethane;('air', 'non-urban air or from high stacks');kilogram
market for sodium methoxide;GLO;kilogram;sodium methoxide
COD, Chemical Oxygen Demand;('water', 'surface water');kilogram
market for steel, unalloyed;World;kilogram;steel, unalloyed
maintenance, lorry 16 metric ton;CH;unit;maintenance, lorry 16 metric ton
adsorption and desorption unit, carbon dioxide capture process;RER;unit;adsorption and desorption unit, carbon dioxide capture process
1-Pentene;('air', 'low population density, long-term');kilogram
Biodiesel from algae;RER;kilogram;Biodiesel from algae
treatment of wastewater, average, capacity 1E9l/year;CH;cubic meter;wastewater, average
treatment of drilling waste, residual material landfill;CH;kilogram;drilling waste
Nitrogen oxides;('air', 'non-urban air or from high stacks');kilogram
Distribution sheds;RER;unit;Distribution sheds
market for ceramic tile;GLO;kilogram;ceramic tile
NMVOC, non-methane volatile organic compounds, unspecified origin;('air',);kilogram
metal working, average for aluminium product manufacturing;RoW;kilogram;metal working, average for aluminium product manufacturing
noise, octave 6, day time, suburban;('octave 6', 'day time', 'suburban');joule
Lithium iron phosphate [LiFePO4];JP;kilogram;Lithium iron phosphate [LiFePO4]
Transformation, to annual crop, non-irrigated, intensive;('natural resource', 'land');square meter
transport, freight, lorry, fleet average, 40t;World;ton kilometer;transport, freight, lorry, fleet average
power electronics, for lorry;RER;kilogram;power electronics, for lorry
lead acid battery, for lorry;RER;kilogram;lead acid battery, for lorry
glass fibre reinforced plastic production, polyamide, injection moulded;RER;kilogram;glass fibre reinforced plastic, polyamide, injection moulded
Hydrogen, gaseous, 25 bar, from gasification of woody biomass in entrained flow gasifier, at gasification plant;RER;kilogram;Hydrogen, gaseous, 25 bar
Fiber sizing 2;RER;kilogram;Resized fiber
display production, liquid crystal, 17 inches;GLO;unit;display, liquid crystal, 17 inches
market for polyurethane, rigid foam;RER;kilogram;polyurethane, rigid foam
Module fasteners;GLO;kilogram;Module fasteners
market for power distribution unit, for electric passenger car;GLO;kilogram;power distribution unit, for electric passenger car
Waste Cooking Oil;RER;megajoule;Waste Cooking Oil
Pentane;('air', 'urban air close to ground');kilogram
other components, for hybrid electric lorry;RER;kilogram;other components, for hybrid electric lorry
Zinc, ion;('water', 'surface water');kilogram
PEM electrolyzer, Operation and Maintenance;RER;hour;PEM electrolyzer, Operation and Maintenance
market for diesel;Europe without Switzerland;kilogram;diesel
market for ammonia, anhydrous, liquid;RER;kilogram;ammonia, anhydrous, liquid
Butane;('air', 'non-urban air or from high stacks');kilogram
Acetone;('air', 'non-urban air or from high stacks');kilogram
noise, octave 2, day time, urban;('octave 2', 'day time', 'urban');joule
barite production;RER;kilogram;barite
market for fly ash and scrubber sludge;Europe without Switzerland;kilogram;fly ash and scrubber sludge
Water, cooling, unspecified natural origin;('natural resource', 'in water');cubic meter
1-Pentene;('air', 'urban air close to ground');kilogram
market for thermoforming, with calendering;GLO;kilogram;thermoforming, with calendering
Fiber carbonization (low temp);RER;kilogram;Carbonized fiber, low temp
Occupation, traffic area, rail/road embankment;('natural resource', 'land');square meter-year
treatment of waste bulk iron, excluding reinforcement, sorting plant;Europe without Switzerland;kilogram;waste bulk iron, excluding reinforcement
market for hard coal;Europe, without Russia and Turkey;kilogram;hard coal
market for nitrogen, liquid;RER;kilogram;nitrogen, liquid
market for gold;GLO;kilogram;gold
Carbon monoxide, from RWGS;RER;kilogram;Carbon monoxide, from RWGS
market for blasting;GLO;kilogram;blasting
Separator, LFP;JP;kilogram;Separator, LFP
Mercury;('air', 'non-urban air or from high stacks');kilogram
Noble gases, radioactive, unspecified;('air', 'non-urban air or from high stacks');kilo Becquerel
Gangue, in ground;('natural resource', 'in ground');kilogram
Catalyst layer;GLO;kilowatt;Catalyst layer
market for air compressor, screw-type compressor, 300kW;GLO;unit;air compressor, screw-type compressor, 300kW
pumps, carbon dioxide capture process;RER;unit;pumps, carbon dioxide capture process
Tab Copper;GLO;kilogram;Tab Copper
treatment of drilling waste, landfarming;CH;kilogram;drilling waste
aluminium production, primary, ingot;IAI Area, Asia, without China and GCC;kilogram;aluminium, primary, ingot
Sand, unspecified, in ground;('natural resource', 'in ground');kilogram
Refined Waste Cooking Oil {RER} | Refining of waste cooking oil Europe | Alloc Rec, U;RER;megajoule;Refined Waste Cooking Oil {RER} | Refining of waste cooking oil Europe | Alloc Rec, U
carbon dioxide capture system;RER;unit;carbon dioxide capture system
Sulfur dioxide;('air',);kilogram
market for polyvinylfluoride;GLO;kilogram;polyvinylfluoride
activated bentonite production;DE;kilogram;activated bentonite
Chromium;('air', 'low population density, long-term');kilogram
Oil, crude, in ground;('natural resource', 'in ground');kilogram
Methane, fossil;('air',);kilogram
Hexane;('air', 'low population density, long-term');kilogram
Anode paste, NCA;JP;kilogram;Anode paste, NCA
electronics production, for control units;RER;kilogram;electronics, for control units
noise, octave 3, day time, urban;('octave 3', 'day time', 'urban');joule
air separation, cryogenic;RER;kilogram;nitrogen, liquid
market for cast iron;GLO;kilogram;cast iron
market for compost;GLO;kilogram;compost
Membrane;GLO;kilowatt;Membrane
Lead;('air', 'low population density, long-term');kilogram
Ethene;('air', 'low population density, long-term');kilogram
Occupation, industrial area;('natural resource', 'land');square meter-year
Hydrocarbons, aromatic;('water', 'surface water');kilogram
market for heat, future;GLO;megajoule;heat, future
Radon-220;('air', 'non-urban air or from high stacks');kilo Becquerel
treatment of sewage sludge by anaerobic digestion;CH;cubic meter;biogas
cobalt production;GLO;kilogram;cobalt
Silicon;('water', 'ground-, long-term');kilogram
Carbon dioxide, fossil;('air',);kilogram
heat production, natural gas, at boiler condensing modulating >100kW;Europe without Switzerland;megajoule;heat, district or industrial, natural gas
Sulfate;('water', 'surface water');kilogram
Cobalt sulfate;GLO;kilogram;Cobalt sulfate
Hydrogen, gaseous, 700 bar, from gasification of woody biomass in entrained flow gasifier, at fuelling station;CH;kilogram;Hydrogen, gaseous, 700 bar
market for sulfur hexafluoride, liquid;RER;kilogram;sulfur hexafluoride, liquid
treatment of waste reinforced concrete, collection for final disposal;Europe without Switzerland;kilogram;waste reinforced concrete
market for injection moulding;GLO;kilogram;injection moulding
treatment of wastewater, average, capacity 1E9l/year;Europe without Switzerland;cubic meter;wastewater, average
Chromium;('air', 'urban air close to ground');kilogram
market for steel, low-alloyed, hot rolled;GLO;kilogram;steel, low-alloyed, hot rolled
Hexane;('air', 'urban air close to ground');kilogram
diesel, burned in building machine;GLO;megajoule;diesel, burned in building machine
Cadmium;('air', 'non-urban air or from high stacks');kilogram
Ammonium, ion;('water',);kilogram
Sugar beet cultivation {RER} | sugar beet production Europe | Alloc Rec, U;RER;megajoule;Sugar beet cultivation {RER} | sugar beet production Europe | Alloc Rec, U
pipeline, supercritical CO2/km;RER;kilometer;pipeline, supercritical CO2/km
Cyclohexane;('air', 'low population density, long-term');kilogram
m-Xylene;('air', 'non-urban air or from high stacks');kilogram
o-Xylene;('air', 'non-urban air or from high stacks');kilogram
Ethene;('air', 'urban air close to ground');kilogram
Lead;('air', 'urban air close to ground');kilogram
Particulates, < 2.5 um;('air',);kilogram
market for lubricating oil;RER;kilogram;lubricating oil
market for polypropylene, granulate;GLO;kilogram;polypropylene, granulate
market for tap water;CH;kilogram;tap water
market for sulfur dioxide, liquid;RER;kilogram;sulfur dioxide, liquid
Selenium;('air', 'non-urban air or from high stacks');kilogram
control panel, carbon dioxide capture process;RER;unit;control panel, carbon dioxide capture process
Potassium, ion;('water', 'surface water');kilogram
treatment of tyre wear emissions, lorry;RER;kilogram;tyre wear emissions, lorry
market for lithium hexafluorophosphate;GLO;kilogram;lithium hexafluorophosphate
Electrolyte;GLO;kilogram;Electrolyte
market for maize seed, for sowing;GLO;kilogram;maize seed, for sowing
Ammonia;('air', 'low population density, long-term');kilogram
Water, turbine use, unspecified natural origin;('natural resource', 'in water');cubic meter
market for polyethylene, high density, granulate;GLO;kilogram;polyethylene, high density, granulate
market for hydrochloric acid, without water, in 30% solution state;RER;kilogram;hydrochloric acid, without water, in 30% solution state
Toluene;('air', 'non-urban air or from high stacks');kilogram
market for molybdenum trioxide;GLO;kilogram;molybdenum trioxide
market for silicon, electronics grade;GLO;kilogram;silicon, electronics grade
Formaldehyde;('air', 'low population density, long-term');kilogram
Chromium VI;('air', 'non-urban air or from high stacks');kilogram
market for steel, chromium steel 18/8;World;kilogram;steel, chromium steel 18/8
Biodiesel, from algae, at fuelling station;RER;kilogram;biodiesel, vehicle grade
Charger;RER;unit;Charger
diaphragms, for diaphragm compressor;GLO;unit;diaphragms, for diaphragm compressor
market for stone wool, packed;GLO;kilogram;stone wool, packed
electricity production, hard coal;DE;kilowatt hour;electricity, high voltage
Xenon-133;('air', 'non-urban air or from high stacks');kilo Becquerel
electricity production, oil;DE;kilowatt hour;electricity, high voltage
Occupation, mineral extraction site;('natural resource', 'land');square meter-year
market for concrete, normal;RoW;cubic meter;concrete, normal
Sodium, ion;('water', 'ground-, long-term');kilogram
market for portafer;GLO;kilogram;portafer
Multilayer pouch;GLO;kilogram;Multilayer pouch
argon production, liquid;RoW;kilogram;argon, liquid
Potassium, ion;('water', 'ground-, long-term');kilogram
cast iron production;RoW;kilogram;cast iron
Clay, unspecified, in ground;('natural resource', 'in ground');kilogram
transport, freight train, diesel, with particle filter;CH;ton kilometer;transport, freight train
Battery cell, LFP;GLO;kilogram;Battery cell
NMVOC, non-methane volatile organic compounds, unspecified origin;('air', 'non-urban air or from high stacks');kilogram
cooling unit, carbon dioxide capture process;RER;unit;cooling unit, carbon dioxide capture process
Cyclohexane;('air', 'urban air close to ground');kilogram
Ethanol, from wheat straw pellets, at fuelling station;RER;kilogram;ethanol, without water, in 99.7% solution state, vehicle grade
market for converter, for electric passenger car;GLO;kilogram;converter, for electric passenger car
Hydrogen-3, Tritium;('water', 'ocean');kilo Becquerel
Coal, brown, in ground;('natural resource', 'in ground');kilogram
Negative current collector Cu;GLO;kilogram;Negative current collector Cu
Maize cultivation, drying and storage {RER} | Maize production Europe | Alloc Rec, U;RER;megajoule;Maize cultivation, drying and storage {RER} | Maize production Europe | Alloc Rec, U
Carbon dioxide, non-fossil;('air', 'urban air close to ground');kilogram
market for transport, freight, inland waterways, barge;RER;ton kilometer;transport, freight, inland waterways, barge
Lithium, ion;('water',);kilogram
market group for electricity, high voltage;EUR;kilowatt hour;electricity, high voltage
Hydrocarbons, chlorinated;('air', 'urban air close to ground');kilogram
Ammonia;('air', 'urban air close to ground');kilogram
Sulfate;('water', 'ground-, long-term');kilogram
market for electronic component, passive, unspecified;GLO;kilogram;electronic component, passive, unspecified
Methyl ethyl ketone;('air', 'low population density, long-term');kilogram
Boron;('water', 'surface water');kilogram
market for magnesium oxide;GLO;kilogram;magnesium oxide
Formaldehyde;('air', 'urban air close to ground');kilogram
Transformation, to industrial area;('natural resource', 'land');square meter
sheet rolling, aluminium;RoW;kilogram;sheet rolling, aluminium
Tray lid;GLO;kilogram;Tray lid
Sabatier reaction methanation unit;RER;unit;Sabatier reaction methanation unit
market for chemical, organic;GLO;kilogram;chemical, organic
noise, octave 2, day time, suburban;('octave 2', 'day time', 'suburban');joule
Fiber sizing 3;RER;kilogram;Resized fiber
epoxy resin production, liquid;RER;kilogram;epoxy resin, liquid
Occupation, forest, extensive;('natural resource', 'land');square meter-year
market for hexane;GLO;kilogram;hexane
Hydrogen, gaseous, 700 bar, from SMR of NG, at fuelling station;RER;kilogram;Hydrogen, gaseous, 700 bar
market for nickel sulfate;GLO;kilogram;nickel sulfate
End-busbar aluminum;GLO;kilogram;End-busbar aluminum
market for chemical factory, organics;GLO;unit;chemical factory, organics
market for road maintenance;RER;meter-year;road maintenance
Heat, waste;('air',);megajoule
market for compressed air, 1000 kPa gauge;RER;cubic meter;compressed air, 1000 kPa gauge
Chloride;('water', 'surface water');kilogram
market for metal working, average for metal product manufacturing;GLO;kilogram;metal working, average for metal product manufacturing
market for nylon 6-6, glass-filled;RoW;kilogram;nylon 6-6, glass-filled
Particulates, > 10 um;('air', 'non-urban air or from high stacks');kilogram
steel production, converter, low-alloyed;EUR;kilogram;steel, low-alloyed
PAH, polycyclic aromatic hydrocarbons;('air',);kilogram
treatment of hazardous waste, hazardous waste incineration;CH;kilogram;hazardous waste, for incineration
Carbon dioxide, from soil or biomass stock;('air', 'urban air close to ground');kilogram
Essential BoP;GLO;kilogram;Essential BoP
market for charger, electric passenger car;GLO;kilogram;charger, electric passenger car
Ethanol, from wheat grains, at fuelling station;RER;kilogram;ethanol, without water, in 99.7% solution state, vehicle grade
Pipe fitting;GLO;kilogram;Pipe fitting
yarding, sled yarder;RER;hour;cable yarding
Copper;('air', 'non-urban air or from high stacks');kilogram
electricity production, at power plant/hard coal, post, pipeline 200km, storage 1000m;RER;kilowatt hour;electricity, high voltage
air separation, cryogenic;RER;kilogram;oxygen, liquid
Carbon fiber, weaved, at factory;RER;kilogram;Carbon fiber, weaved
Radiator;GLO;kilogram;Radiator
market for carbon dioxide, liquid;RER;kilogram;carbon dioxide, liquid
Sulfur dioxide;('air', 'non-urban air or from high stacks');kilogram
anode production, graphite, for lithium-ion battery;RoW;kilogram;anode, graphite, for lithium-ion battery
Methyl ethyl ketone;('air', 'urban air close to ground');kilogram
Biodiesel from palm oil;RER;kilogram;Biodiesel from palm oil
treatment of wood ash mixture, pure, municipal incineration;Europe without Switzerland;kilogram;wood ash mixture, pure
Fluoride;('water', 'surface water');kilogram
market for quicklime, milled, packed;RER;kilogram;quicklime, milled, packed
market group for inorganic phosphorus fertiliser, as P2O5;RER;kilogram;inorganic phosphorus fertiliser, as P2O5
market for casting, brass;GLO;kilogram;casting, brass
skidding, skidder;RER;hour;skidding, skidder
market for flat glass, coated;RER;kilogram;flat glass, coated
Anode paste, LFP;JP;kilogram;Anode paste, LFP
market for zinc;GLO;kilogram;zinc
market group for electricity, medium voltage;World;kilowatt hour;electricity, medium voltage
Hydrogen-3, Tritium;('water', 'surface water');kilo Becquerel
market for ethylene carbonate;GLO;kilogram;ethylene carbonate
market for water, ultrapure;RoW;kilogram;water, ultrapure
SMR NG, 700 bar;CH;kilogram;SMR NG, 700 bar
Transformers;RER;unit;Transformers
noise, octave 3, day time, suburban;('octave 3', 'day time', 'suburban');joule
market for road;GLO;meter-year;road
Fuel tank, compressed hydrogen gas, 700bar, with aluminium liner;RER;kilogram;Hydrogen tank
harvesting, forestry harvester;RER;hour;harvesting, forestry harvester
market for polyethylene terephthalate, granulate, amorphous;GLO;kilogram;polyethylene terephthalate, granulate, amorphous
market for acrylic acid;RER;kilogram;acrylic acid
market for antimony;GLO;kilogram;antimony
noise, octave 4, day time, rural;('octave 4', 'day time', 'rural');joule
market for water, deionised;RoW;kilogram;water, deionised
Heat, waste;('water', 'surface water');megajoule
Zinc;('air', 'non-urban air or from high stacks');kilogram
production of nickle-based catalyst for methanation;RER;kilogram;production of nickle-based catalyst for methanation
Overhead lines;RER;unit;Overhead lines
market for acrylonitrile-butadiene-styrene copolymer;GLO;kilogram;acrylonitrile-butadiene-styrene copolymer
noise, octave 3, day time, rural;('octave 3', 'day time', 'rural');joule
market for electric motor, electric passenger car;GLO;kilogram;electric motor, electric passenger car
Exhaust gas treatment 2;RER;kilogram;Exhaust gas treatment 2
Nitrogen oxides;('air', 'low population density, long-term');kilogram
Pentane;('air',);kilogram
market for printed wiring board, through-hole mounted, unspecified, Pb free;GLO;kilogram;printed wiring board, through-hole mounted, unspecified, Pb free
market for iodine;GLO;kilogram;iodine
Module packaging;GLO;kilogram;Module packaging
delimbing, with excavator-based processor;RER;hour;delimbing/sorting, excavator-based processor
Fiber electrolysis;RER;kilogram;Fiber electrolysis
market for diesel, burned in building machine;GLO;megajoule;diesel, burned in building machine
injection moulding;RoW;kilogram;injection moulding
Hydrogen, gaseous, 25 bar, from heatpipe reformer gasification of woody biomass, at gasification plant;RER;kilogram;Hydrogen, gaseous, 25 bar
pipeline construction, natural gas, high pressure distribution network;Europe without Switzerland;kilometer;pipeline, natural gas, high pressure distribution network
Gas-to-liquid plant construction;GLO;unit;Gas-to-liquid plant
noise, octave 8, day time, suburban;('octave 8', 'day time', 'suburban');joule
aluminium production, primary, ingot;IAI Area, EU27 & EFTA;kilogram;aluminium, primary, ingot
other components, for electric lorry;RER;kilogram;other components, for electric lorry
Volume occupied, reservoir;('natural resource', 'in water');cubic meter-year
market for display, liquid crystal, 17 inches;GLO;unit;display, liquid crystal, 17 inches
Hydrogen, gaseous, 25 bar, from electrolysis;RER;kilogram;Hydrogen, gaseous, 25 bar
treatment of used lorry, 40 metric ton;CH;unit;used lorry, 40 metric ton
Plant oil production | refining of crude vegetable oil from rapeseed| Alloc Rec, U;RER;megajoule;Plant oil production | refining of crude vegetable oil from rapeseed| Alloc Rec, U
transport, helicopter, LTO cycle;GLO;unit;transport, helicopter, LTO cycle
Particulates, < 2.5 um;('air', 'non-urban air or from high stacks');kilogram
Methane, chlorodifluoro-, HCFC-22;('air', 'non-urban air or from high stacks');kilogram
Heat, waste;('water', 'ground-, long-term');megajoule
lignite mine operation;RER;kilogram;lignite
market for gypsum fibreboard;GLO;kilogram;gypsum fibreboard
chemical factory construction, organics;RER;unit;chemical factory, organics
market for gas turbine, 10MW electrical;GLO;unit;gas turbine, 10MW electrical
market for municipal solid waste;RoW;kilogram;municipal solid waste
market for reinforcing steel;GLO;kilogram;reinforcing steel
Negative electrode paste;GLO;kilogram;Negative electrode paste
noise, octave 1, day time, suburban;('octave 1', 'day time', 'suburban');joule
Arsenic;('air', 'non-urban air or from high stacks');kilogram
market for iron sulfate;RoW;kilogram;iron sulfate
market for tap water;Europe without Switzerland;kilogram;tap water
market for sheet rolling, steel;GLO;kilogram;sheet rolling, steel
hardwood forestry, birch, sustainable forest management_CF = -1;SE;kilogram;wood chips, wet, measured as dry mass_CF = -1
biomethane from biogas upgrading - biowaste - amine scrubbing;CH;kilogram;biomethane
Water;('air',);cubic meter
market for sheet rolling, aluminium;GLO;kilogram;sheet rolling, aluminium
Heat, waste;('water',);megajoule
COD, Chemical Oxygen Demand;('water',);kilogram
SMR NG + CCS (MDEA), 98 (average), 700 bar;CH;kilogram;SMR NG + CCS, 700 bar
Bimetallic busbars and washers;GLO;kilogram;Bimetallic busbars and washers
Methane, bromochlorodifluoro-, Halon 1211;('air', 'non-urban air or from high stacks');kilogram
Ethane;('air', 'urban air close to ground');kilogram
softwood forestry, pine, sustainable forest management_CF = -1;DE;kilogram;wood chips, wet, measured as dry mass_CF = -1
Catenary system;RER;kilometer;Catenary system
market for transport, pipeline, onshore, petroleum;RER;ton kilometer;transport, pipeline, onshore, petroleum
market for transport, helicopter;GLO;hour;transport, helicopter
Transformation, from annual crop;('natural resource', 'land');square meter
Lead;('air',);kilogram
market for carbon monoxide;RER;kilogram;carbon monoxide
noise, octave 6, day time, urban;('octave 6', 'day time', 'urban');joule
Nitrogen oxides;('air', 'urban air close to ground');kilogram
hardwood forestry, beech, sustainable forest management_CF = -1;DE;kilogram;wood chips, wet, measured as dry mass_CF = -1
Hydrogen, gaseous, 700 bar, from heatpipe reformer gasification of woody biomass with CCS, at fuelling station;CH;kilogram;Hydrogen, gaseous, 700 bar
noise, octave 5, day time, suburban;('octave 5', 'day time', 'suburban');joule
market for concrete, sole plate and foundation;CH;cubic meter;concrete, sole plate and foundation
market for synthetic rubber;GLO;kilogram;synthetic rubber
hardwood forestry, mixed species, sustainable forest management, CF = -1;CH;kilogram;hardwood forestry, mixed species, sustainable forest management, CF = -1
Ni3/5Co1/5Mn1/5(OH)2;GLO;kilogram;Ni1/3Co1/3Mn1/3(OH)2
market for NOx retained, by selective catalytic reduction;GLO;kilogram;NOx retained, by selective catalytic reduction
Anode;GLO;kilogram;Anode
Energy, gross calorific value, in biomass;('natural resource', 'biotic');megajoule
market for heat, district or industrial, natural gas;RoW;megajoule;heat, district or industrial, natural gas
polyvinylchloride production, bulk polymerisation;RER;kilogram;polyvinylchloride, bulk polymerised
market for zeolite, powder;GLO;kilogram;zeolite, powder
EV charger, level 3, plugin, 200 kW;RER;unit;EV charger, level 3, plugin, 200 kW
synthetic gas factory construction;CH;unit;synthetic gas factory
market for wood chips, wet, measured as dry mass, CF = -1;CH;kilogram;wood chips, wet, measured as dry mass, CF = -1
straw pellets;RER;megajoule;straw pellets
Ethane;('air', 'low population density, long-term');kilogram
noise, octave 7, day time, rural;('octave 7', 'day time', 'rural');joule
market for N-methyl-2-pyrrolidone;GLO;kilogram;N-methyl-2-pyrrolidone
treatment of road wear emissions, lorry;RER;kilogram;road wear emissions, lorry
Silicon;('water', 'surface water');kilogram
Biodiesel, from used cooking oil, at fuelling station;RER;kilogram;biodiesel, vehicle grade
Carbon dioxide, in air;('natural resource', 'in air');kilogram
market for urea;RER;kilogram;urea
Hydrogen, gaseous, 700 bar, ATR of NG, with CCS, at fuelling station;RER;kilogram;Hydrogen, gaseous, 700 bar
treatment of wastewater, unpolluted, capacity 5E9l/year;RoW;cubic meter;wastewater, unpolluted
Fiber carbonization (high temp);RER;kilogram;Carbonized fiber, high temp
market for light fuel oil;RoW;kilogram;light fuel oil
production of 2 wt-% potassium iodide solution;RER;kilogram;production of 2 wt-% potassium iodide solution
Hydrogen-3, Tritium;('air', 'non-urban air or from high stacks');kilo Becquerel
transport, helicopter;GLO;hour;transport, helicopter
Iron, ion;('water', 'surface water');kilogram
wood chipping, terrain chipper, diesel;RER;hour;wood chipping, forwarder with terrain chipper, in forest
market for sheet rolling, chromium steel;GLO;kilogram;sheet rolling, chromium steel
transmission network construction, long-distance;UCTE;kilometer;transmission network, long-distance
market for aluminium alloy, AlLi;GLO;kilogram;aluminium alloy, AlLi
Methane, non-fossil;('air',);kilogram
transport, freight, lorry, fleet average, 40t;EUR;ton kilometer;transport, freight, lorry, fleet average
Transformation, to forest, intensive;('natural resource', 'land');square meter
retarder, for lorry;RER;kilogram;retarder, for lorry
Methane, tetrafluoro-, R-14;('air',);kilogram
Propionic acid;('air',);kilogram
treatment of waste gypsum, inert material landfill;Europe without Switzerland;kilogram;waste gypsum
tube insulation production, elastomere;RoW;kilogram;tube insulation, elastomere
Heat, waste;('air', 'non-urban air or from high stacks');megajoule
MEA hot pressing;GLO;kilogram;MEA hot pressing
market for acrylonitrile;GLO;kilogram;acrylonitrile
Benzaldehyde;('air', 'non-urban air or from high stacks');kilogram
wire drawing, copper;RoW;kilogram;wire drawing, copper
market for soda ash, light, crystalline, heptahydrate;GLO;kilogram;soda ash, light, crystalline, heptahydrate
laminating service, foil, with acrylic binder;RER;square meter;laminating service, foil, with acrylic binder
Carbon dioxide, non-fossil;('air',);kilogram
carbon dioxide, captured from atmosphere;RER;kilogram;carbon dioxide, captured from the atmosphere
PEM electrolyzer, ACDC Converter;GLO;unit;PEM electrolyzer, ACDC Converter
metal coating facility construction;RoW;unit;metal coating facility
Hydrogen, gaseous, 700 bar, ATR of NG, at fuelling station;RER;kilogram;Hydrogen, gaseous, 700 bar
electricity production, hydro, run-of-river;DE;kilowatt hour;electricity, high voltage
market for heat, central or small-scale, biomethane;Europe without Switzerland;megajoule;heat, central or small-scale, biomethane
Nitrogen;('air',);kilogram
Ammonia;('air',);kilogram
nickel mine operation and benefication to nickel concentrate, 7% Ni;CN;kilogram;nickel concentrate, 7% Ni
Energy, gross calorific value, in biomass, primary forest;('natural resource', 'biotic');megajoule
Crude Palm Oil extraction from FFBs {RER} |oil mill|;RER;megajoule;Crude Palm Oil extraction from FFBs {RER} |oil mill|
Strontium;('water', 'surface water');kilogram
cement production, Portland;EUR;kilogram;cement, Portland
BOD5, Biological Oxygen Demand;('water', 'surface water');kilogram
market for nitric acid, without water, in 50% solution state;RER w/o RU;kilogram;nitric acid, without water, in 50% solution state
PAH, polycyclic aromatic hydrocarbons;('air', 'non-urban air or from high stacks');kilogram
assembly operation, for lorry;RER;kilogram;assembly operation, for lorry
market for precious metal refinery;GLO;unit;precious metal refinery
Iron, ion;('water', 'ground-, long-term');kilogram
PEM electrolyzer, Stack;GLO;unit;PEM electrolyzer, Stack
market for cyclohexane;GLO;kilogram;cyclohexane
Water, unspecified natural origin;('natural resource', 'in water');cubic meter
Heptane;('air', 'non-urban air or from high stacks');kilogram
gas motor production, 206kW;RER;unit;gas motor, 206kW
High voltage system;GLO;kilogram;High voltage system
Cadmium;('air', 'low population density, long-term');kilogram
ATR NG + CCS (MDEA), 98 (average), 25 bar;RER;megajoule;Hydrogen, gaseous, 25 bar
electricity production, wind, 1-3MW turbine, onshore;DE;kilowatt hour;electricity, high voltage
Transformation, from traffic area, rail/road embankment;('natural resource', 'land');square meter
o-Xylene;('air', 'low population density, long-term');kilogram
Charging stand;RER;unit;Charging stand
Carbon dioxide, fossil;('air', 'non-urban air or from high stacks');kilogram
market for pesticide, unspecified;GLO;kilogram;pesticide, unspecified
Acrolein;('air', 'non-urban air or from high stacks');kilogram
Hydrogen, gaseous, 25 bar, from gasification of woody biomass in entrained flow gasifier, with CCS, at gasification plant;RER;kilogram;Hydrogen, gaseous, 25 bar
ethylene glycol production;RER;kilogram;ethylene glycol
market for monoethanolamine;GLO;kilogram;monoethanolamine
Sulfur hexafluoride;('air',);kilogram
market for heat, district or industrial, other than natural gas;Europe without Switzerland;megajoule;heat, district or industrial, other than natural gas
market for wood chips, wet, measured as dry mass, CF = -1;Europe without Switzerland;kilogram;wood chips, wet, measured as dry mass, CF = -1
Battery retention;GLO;kilogram;Battery retention
Hydrogen, gaseous, 25 bar, from heatpipe reformer gasification of woody biomass with CCS, at gasification plant;CH;kilogram;Hydrogen, gaseous, 25 bar
market for sodium chloride, powder;GLO;kilogram;sodium chloride, powder
market group for heat, central or small-scale, natural gas;RER;megajoule;heat, central or small-scale, natural gas
Carbon monoxide, non-fossil;('air', 'non-urban air or from high stacks');kilogram
market for electrostatic paint;GLO;kilogram;electrostatic paint
Fiber washing;RER;kilogram;Washed fiber
Acetaldehyde;('air', 'non-urban air or from high stacks');kilogram
Carbon dioxide, from soil or biomass stock;('air',);kilogram
softwood forestry, spruce, sustainable forest management_CF = -1;DE;kilogram;wood chips, wet, measured as dry mass_CF = -1
market for extrusion, plastic film;GLO;kilogram;extrusion, plastic film
market for glass fibre;GLO;kilogram;glass fibre
market for epoxy resin, liquid;RER;kilogram;epoxy resin, liquid
market for waste plastic, industrial electronics;RoW;kilogram;waste plastic, industrial electronics
Dinitrogen monoxide;('air', 'non-urban air or from high stacks');kilogram
market for potassium carbonate;GLO;kilogram;potassium carbonate
Wood, soft, standing;('natural resource', 'biotic');cubic meter
arsine production;GLO;kilogram;arsine
electricity production, nuclear, pressure water reactor;DE;kilowatt hour;electricity, high voltage
BOD5, Biological Oxygen Demand;('water',);kilogram
Ethanol from sugarbeet;RER;kilogram;Ethanol from sugarbeet
Fuel tank, compressed hydrogen gas, 700bar, with HDPE liner;RER;kilogram;Hydrogen tank
Separator;GLO;kilogram;Separator
Biodiesel from rapeseed oil;RER;kilogram;Biodiesel from rapeseed oil
liquid storage tank production, chemicals, organics;CH;unit;liquid storage tank, chemicals, organics
market for tin;GLO;kilogram;tin
Xylene;('air', 'non-urban air or from high stacks');kilogram
metal working, average for steel product manufacturing;RER;kilogram;metal working, average for steel product manufacturing
Occupation, construction site;('natural resource', 'land');square meter-year
exhaust system, for lorry;RER;kilogram;exhaust system, for lorry
electricity production, at wood burning power plant 20 MW, truck 25km, post, pipeline 200km, storage 1000m;RER;kilowatt hour;electricity, high voltage
Cadmium;('air', 'urban air close to ground');kilogram
Pentane;('air', 'non-urban air or from high stacks');kilogram
market for liquid storage tank, chemicals, organics;GLO;unit;liquid storage tank, chemicals, organics
o-Xylene;('air', 'urban air close to ground');kilogram
treatment of waste mineral wool, inert material landfill;CH;kilogram;waste mineral wool, for final disposal
Formaldehyde;('air',);kilogram
Low voltage system;GLO;kilogram;Low voltage system
Ethanol, from forest residues, at fuelling station;RER;kilogram;ethanol, without water, in 99.7% solution state, vehicle grade
Semi-rigid roadside barriers;RER;unit;Semi-rigid roadside barriers
Sulfate;('water', 'ground-');kilogram
Styrene;('air', 'non-urban air or from high stacks');kilogram
RWGS catalyst;RER;kilogram;RWGS catalyst
market for phosphoric acid, industrial grade, without water, in 85% solution state;GLO;kilogram;phosphoric acid, industrial grade, without water, in 85% solution state
market for polyurethane, flexible foam;RER;kilogram;polyurethane, flexible foam
Magnesium;('water', 'surface water');kilogram
router, internet;CH;unit;router, internet
ethanol without biogas;RER;megajoule;ethanol without biogas
Syngas, RWGS, Production;RER;kilogram;Syngas, RWGS, Production
transport, freight, lorry, fleet average;EUR;ton kilometer;transport, freight, lorry, fleet average
market for wood chips, wet, measured as dry mass, CF = -1;DE;kilogram;wood chips, wet, measured as dry mass, CF = -1
Hydrogen, gaseous, 25 bar, from gasification of woody biomass in entrained flow gasifier, with CCS, at gasification plant;CH;kilogram;Hydrogen, gaseous, 25 bar
market group for electricity, medium voltage;Europe without Switzerland;kilowatt hour;electricity, medium voltage
power sawing, without catalytic converter;RER;hour;power sawing, without catalytic converter
market for transport, freight, sea, tanker for petroleum;GLO;ton kilometer;transport, freight, sea, tanker for petroleum
Water, well, in ground;('natural resource', 'in water');cubic meter
market for polycarbonate;GLO;kilogram;polycarbonate
cabin, for lorry;RER;kilogram;cabin, for lorry
Clamps and fasteners;GLO;kilogram;Clamps and fasteners
Ethanol from wheat straw pellets;RER;kilogram;Ethanol from wheat straw pellets
market for waste concrete;RoW;kilogram;waste concrete
Propene;('air', 'urban air close to ground');kilogram
market for tap water;RoW;kilogram;tap water
market for refrigerant R134a;GLO;kilogram;refrigerant R134a
Hydrogen, gaseous, 700 bar, from gasification of woody biomass in entrained flow gasifier, with CCS, at fuelling station;RER;kilogram;Hydrogen, gaseous, 700 bar
Cell container;GLO;kilogram;Cell container
Heat transfer plate;GLO;kilogram;Heat transfer plate
Fuel tank, compressed natural gas, 200 bar;RER;kilogram;Fuel tank, compressed natural gas, 200 bar
market for ethylene glycol;GLO;kilogram;ethylene glycol
electronics production, for control units;RoW;kilogram;electronics, for control units
Biomethane, gaseous, 5 bar, from sewage sludge fermentation, at fuelling station;RER;kilogram;biomethane, high pressure
Sodium, ion;('water', 'surface water');kilogram
Ethanol, from sugarbeet, at fuelling station;RER;kilogram;ethanol, without water, in 99.7% solution state, vehicle grade
Chloride;('water', 'ground-');kilogram
Magnesium;('water', 'ground-, long-term');kilogram
reinforcing steel production;Europe without Austria;kilogram;reinforcing steel
Occupation, traffic area, road network;('natural resource', 'land');square meter-year
synthetic gas factory construction;RoW;unit;synthetic gas factory
diesel production, synthetic, from electrolysis-based hydrogen, economic allocation, at fuelling station;RER;kilogram;diesel, synthetic, vehicle grade
Hydrocarbons, chlorinated;('air', 'low population density, long-term');kilogram
Radon-222;('air', 'non-urban air or from high stacks');kilo Becquerel
Ethanol from forest residues;RER;kilogram;Ethanol from forest residues
Propene;('air', 'low population density, long-term');kilogram
SMR BM, HT+LT, with digestate incineration, 26 bar;CH;megajoule;Hydrogen, gaseous, 26 bar
market for packaging film, low density polyethylene;GLO;kilogram;packaging film, low density polyethylene
Benzene;('air', 'low population density, long-term');kilogram
Glider lightweighting;GLO;kilogram;Glider lightweighting
Benzo(a)pyrene;('air',);kilogram
treatment of brake wear emissions, lorry;RER;kilogram;brake wear emissions, lorry
market for titanium dioxide;RoW;kilogram;titanium dioxide
electricity production, at power plant/biogas, post, pipeline 200km, storage 1000m;RER;kilowatt hour;electricity, high voltage
market for natural gas, high pressure, vehicle grade;GLO;kilogram;natural gas, high pressure, vehicle grade
Nitrogen oxides;('air',);kilogram
frame, blanks and saddle, for lorry;RER;kilogram;frame, blanks and saddle, for lorry
market for chromium oxide, flakes;GLO;kilogram;chromium oxide, flakes
Propane;('air', 'urban air close to ground');kilogram
heat exchanger, carbon dioxide capture process;RER;unit;heat exchanger, carbon dioxide capture process
heat production, hardwood chips from forest, at furnace 1000kW, state-of-the-art 2014;CH;megajoule;heat, district or industrial, other than natural gas
market for aluminium scrap, new;RER;kilogram;aluminium scrap, new
transport, freight, lorry, fleet average, 26t;EUR;ton kilometer;transport, freight, lorry, fleet average
Methane, non-fossil;('air', 'non-urban air or from high stacks');kilogram
container, with pipes and fittings, for diaphragm compressor;GLO;unit;container, with pipes and fittings, for diaphragm compressor
market for lubricating oil;RoW;kilogram;lubricating oil
tin production;RoW;kilogram;tin
treatment of scrap steel, inert material landfill;CH;kilogram;scrap steel
Carbon monoxide, from soil or biomass stock;('air', 'non-urban air or from high stacks');kilogram
Chromium;('air', 'non-urban air or from high stacks');kilogram
Nickel;('air', 'non-urban air or from high stacks');kilogram
treatment of biowaste by anaerobic digestion, with biogenic carbon uptake, lower bound C sequestration, digestate incineration;CH;cubic meter;biogas
NCA electrode material (LiNi0.8Co0.15Al0.05O2);JP;kilogram;NCA electrode material (LiNi0.8Co0.15Al0.05O2)
Biodiesel, from rapeseed oil, at fuelling station;RER;kilogram;biodiesel, vehicle grade
Cooling system;GLO;kilogram;Cooling system
market group for electricity, medium voltage;EUR;kilowatt hour;electricity, medium voltage
market for anodising, aluminium sheet;GLO;square meter;anodising, aluminium sheet
hydrogen peroxide production, product in 50% solution state;RER;kilogram;hydrogen peroxide, without water, in 50% solution state
aluminium ingot, primary, to aluminium, wrought alloy market;GLO;kilogram;aluminium, wrought alloy
Hydrogen, gaseous, 700 bar, from ATR of biogas with CCS, at fuelling station;RER;kilogram;Hydrogen, gaseous, 700 bar
market for steam, in chemical industry;RER;kilogram;steam, in chemical industry
Sulfate;('water',);kilogram
woodchips from forestry residues;RER;megajoule;woodchips from forestry residues
softwood forestry, pine, sustainable forest management_CF = -1;SE;kilogram;wood chips, wet, measured as dry mass_CF = -1
market for rape seed;GLO;kilogram;rape seed
market for hydrogen, liquid;RER;kilogram;hydrogen, liquid
Benzene;('air', 'urban air close to ground');kilogram
yarding and processing, mobile cable yarder on truck;RER;hour;cable yarding
Manganese;('water', 'surface water');kilogram
Propane;('air', 'low population density, long-term');kilogram
Battery cell, NMC-622;GLO;kilogram;Battery cell
internal combustion engine, for lorry;RER;kilogram;internal combustion engine, for lorry
market for phenolic resin;RER;kilogram;phenolic resin
Fixed bed reactor for RWGS;RER;unit;Fixed bed reactor
End-busbar copper;GLO;kilogram;End-busbar copper
welding, arc, aluminium;RER;meter;welding, arc, aluminium
Coal, hard, unspecified, in ground;('natural resource', 'in ground');kilogram
Fiber coagulation;RER;kilogram;Coagulated fiber
Module lid;GLO;kilogram;Module lid
Hydrogen, gaseous, 700 bar, from SMR of biogas with CCS, at fuelling station;RER;kilogram;Hydrogen, gaseous, 700 bar
Lead;('air', 'non-urban air or from high stacks');kilogram
market for ethanol, without water, in 99.7% solution state, from ethylene;RER;kilogram;ethanol, without water, in 99.7% solution state, from ethylene
noise, octave 2, day time, rural;('octave 2', 'day time', 'rural');joule
market for transformer, high voltage use;GLO;kilogram;transformer, high voltage use
electricity production, photovoltaic, 3kWp slanted-roof installation, multi-Si, panel, mounted;DE;kilowatt hour;electricity, low voltage
computer production, desktop, without screen;GLO;unit;computer, desktop, without screen
Cathode;GLO;kilogram;Cathode
Copper;('air', 'low population density, long-term');kilogram
Fiber winding up;RER;kilogram;Fiber winding up
tires and wheels, for lorry;RER;kilogram;tires and wheels, for lorry
computer production, laptop;GLO;unit;computer, laptop
Sulfur dioxide;('air', 'low population density, long-term');kilogram
Fiber drying 3;RER;kilogram;Dried fiber 3
steel production, chromium steel 18/8, hot rolled;RoW;kilogram;steel, chromium steel 18/8, hot rolled
Hydrogen, gaseous, 700 bar, from gasification of woody biomass in entrained flow gasifier, at fuelling station;RER;kilogram;Hydrogen, gaseous, 700 bar
market for concrete, high exacting requirements;CH;cubic meter;concrete, high exacting requirements
Carbon monoxide, fossil;('air', 'non-urban air or from high stacks');kilogram
transport, freight, lorry, fleet average, 26t;World;ton kilometer;transport, freight, lorry, fleet average
Methane, fossil;('air', 'non-urban air or from high stacks');kilogram
Diesel production, synthetic, Fischer Tropsch process, energy allocation;RER;kilogram;Diesel, synthetic
Calcium, ion;('water', 'surface water');kilogram
